<configuration>

    <appender name="FILE" class="ch.qos.logback.core.FileAppender">
        <file>logs/elapse.log</file>  <!-- 어느 파일에 넣을건지 -->
        <encoder>
            <pattern>%date %level [%thread] %logger{10} [%file:%line] %msg%n</pattern>
        </encoder>
    </appender>

    <!-- turn OFF all logging (children can override) -->
    <root level="INFO">
        <!--        <appender-ref ref="STDOUT"/>-->
        <appender-ref ref="FILE"/>
    </root>

</configuration>